     4.785                   0         0         0         0
     0.741                   0         0         0         1
    -0.000                   0         0         0         2
    -0.000                   0         0         0         3
     0.000                   0         0         0         4
     0.159                   0         0         0         5
     0.159                   0         0         0         6

     0.741                   0         0         1         0
     1.119                   0         0         1         1
     0.000                   0         0         1         2
    -0.000                   0         0         1         3
     0.000                   0         0         1         4
     0.381                   0         0         1         5
     0.381                   0         0         1         6

    -0.000                   0         0         2         0
     0.000                   0         0         2         1
     1.116                   0         0         2         2
    -0.000                   0         0         2         3
     0.000                   0         0         2         4
     0.272                   0         0         2         5
    -0.080                   0         0         2         6

    -0.000                   0         0         3         0
    -0.000                   0         0         3         1
    -0.000                   0         0         3         2
     1.116                   0         0         3         3
    -0.000                   0         0         3         4
     0.012                   0         0         3         5
     0.258                   0         0         3         6

     0.000                   0         0         4         0
     0.000                   0         0         4         1
     0.000                   0         0         4         2
    -0.000                   0         0         4         3
     1.116                   0         0         4         4
     0.002                   0         0         4         5
     0.038                   0         0         4         6

     0.159                   0         0         5         0
     0.381                   0         0         5         1
     0.272                   0         0         5         2
     0.012                   0         0         5         3
     0.002                   0         0         5         4
     0.517                   0         0         5         5
     0.146                   0         0         5         6

     0.159                   0         0         6         0
     0.381                   0         0         6         1
    -0.080                   0         0         6         2
     0.258                   0         0         6         3
     0.038                   0         0         6         4
     0.146                   0         0         6         5
     0.517                   0         0         6         6


     0.741                   0         1         0         0
     0.137                   0         1         0         1
    -0.000                   0         1         0         2
    -0.000                   0         1         0         3
    -0.000                   0         1         0         4
     0.029                   0         1         0         5
     0.029                   0         1         0         6

     0.137                   0         1         1         0
     0.257                   0         1         1         1
     0.000                   0         1         1         2
    -0.000                   0         1         1         3
     0.000                   0         1         1         4
     0.088                   0         1         1         5
     0.088                   0         1         1         6

    -0.000                   0         1         2         0
     0.000                   0         1         2         1
     0.257                   0         1         2         2
    -0.000                   0         1         2         3
    -0.000                   0         1         2         4
     0.064                   0         1         2         5
    -0.019                   0         1         2         6

    -0.000                   0         1         3         0
    -0.000                   0         1         3         1
    -0.000                   0         1         3         2
     0.257                   0         1         3         3
    -0.000                   0         1         3         4
     0.003                   0         1         3         5
     0.061                   0         1         3         6

    -0.000                   0         1         4         0
     0.000                   0         1         4         1
    -0.000                   0         1         4         2
    -0.000                   0         1         4         3
     0.257                   0         1         4         4
     0.000                   0         1         4         5
     0.009                   0         1         4         6

     0.029                   0         1         5         0
     0.088                   0         1         5         1
     0.064                   0         1         5         2
     0.003                   0         1         5         3
     0.000                   0         1         5         4
     0.122                   0         1         5         5
     0.034                   0         1         5         6

     0.029                   0         1         6         0
     0.088                   0         1         6         1
    -0.019                   0         1         6         2
     0.061                   0         1         6         3
     0.009                   0         1         6         4
     0.034                   0         1         6         5
     0.122                   0         1         6         6


    -0.000                   0         2         0         0
    -0.000                   0         2         0         1
     0.024                   0         2         0         2
    -0.000                   0         2         0         3
    -0.000                   0         2         0         4
     0.001                   0         2         0         5
    -0.000                   0         2         0         6

    -0.000                   0         2         1         0
    -0.000                   0         2         1         1
     0.038                   0         2         1         2
     0.000                   0         2         1         3
    -0.000                   0         2         1         4
     0.007                   0         2         1         5
    -0.002                   0         2         1         6

     0.024                   0         2         2         0
     0.038                   0         2         2         1
     0.000                   0         2         2         2
    -0.000                   0         2         2         3
    -0.000                   0         2         2         4
     0.014                   0         2         2         5
     0.010                   0         2         2         6

    -0.000                   0         2         3         0
     0.000                   0         2         3         1
    -0.000                   0         2         3         2
    -0.000                   0         2         3         3
     0.000                   0         2         3         4
     0.000                   0         2         3         5
    -0.001                   0         2         3         6

    -0.000                   0         2         4         0
    -0.000                   0         2         4         1
    -0.000                   0         2         4         2
     0.000                   0         2         4         3
    -0.000                   0         2         4         4
     0.000                   0         2         4         5
    -0.000                   0         2         4         6

     0.001                   0         2         5         0
     0.007                   0         2         5         1
     0.014                   0         2         5         2
     0.000                   0         2         5         3
     0.000                   0         2         5         4
     0.012                   0         2         5         5
     0.001                   0         2         5         6

    -0.000                   0         2         6         0
    -0.002                   0         2         6         1
     0.010                   0         2         6         2
    -0.001                   0         2         6         3
    -0.000                   0         2         6         4
     0.001                   0         2         6         5
    -0.003                   0         2         6         6


    -0.000                   0         3         0         0
    -0.000                   0         3         0         1
    -0.000                   0         3         0         2
     0.024                   0         3         0         3
     0.000                   0         3         0         4
     0.000                   0         3         0         5
     0.001                   0         3         0         6

    -0.000                   0         3         1         0
     0.000                   0         3         1         1
     0.000                   0         3         1         2
     0.038                   0         3         1         3
     0.000                   0         3         1         4
     0.000                   0         3         1         5
     0.006                   0         3         1         6

    -0.000                   0         3         2         0
     0.000                   0         3         2         1
     0.000                   0         3         2         2
     0.000                   0         3         2         3
     0.000                   0         3         2         4
     0.000                   0         3         2         5
    -0.001                   0         3         2         6

     0.024                   0         3         3         0
     0.038                   0         3         3         1
     0.000                   0         3         3         2
    -0.000                   0         3         3         3
    -0.000                   0         3         3         4
     0.009                   0         3         3         5
     0.013                   0         3         3         6

     0.000                   0         3         4         0
     0.000                   0         3         4         1
     0.000                   0         3         4         2
    -0.000                   0         3         4         3
     0.000                   0         3         4         4
     0.000                   0         3         4         5
     0.001                   0         3         4         6

     0.000                   0         3         5         0
     0.000                   0         3         5         1
     0.000                   0         3         5         2
     0.009                   0         3         5         3
     0.000                   0         3         5         4
     0.001                   0         3         5         5
     0.002                   0         3         5         6

     0.001                   0         3         6         0
     0.006                   0         3         6         1
    -0.001                   0         3         6         2
     0.013                   0         3         6         3
     0.001                   0         3         6         4
     0.002                   0         3         6         5
     0.011                   0         3         6         6


     0.000                   0         4         0         0
    -0.000                   0         4         0         1
    -0.000                   0         4         0         2
     0.000                   0         4         0         3
     0.024                   0         4         0         4
     0.000                   0         4         0         5
     0.000                   0         4         0         6

    -0.000                   0         4         1         0
    -0.000                   0         4         1         1
    -0.000                   0         4         1         2
     0.000                   0         4         1         3
     0.038                   0         4         1         4
     0.000                   0         4         1         5
     0.001                   0         4         1         6

    -0.000                   0         4         2         0
    -0.000                   0         4         2         1
     0.000                   0         4         2         2
     0.000                   0         4         2         3
     0.000                   0         4         2         4
     0.000                   0         4         2         5
    -0.000                   0         4         2         6

     0.000                   0         4         3         0
     0.000                   0         4         3         1
     0.000                   0         4         3         2
     0.000                   0         4         3         3
    -0.000                   0         4         3         4
     0.000                   0         4         3         5
     0.001                   0         4         3         6

     0.024                   0         4         4         0
     0.038                   0         4         4         1
     0.000                   0         4         4         2
    -0.000                   0         4         4         3
    -0.000                   0         4         4         4
     0.009                   0         4         4         5
     0.009                   0         4         4         6

     0.000                   0         4         5         0
     0.000                   0         4         5         1
     0.000                   0         4         5         2
     0.000                   0         4         5         3
     0.009                   0         4         5         4
     0.000                   0         4         5         5
     0.000                   0         4         5         6

     0.000                   0         4         6         0
     0.001                   0         4         6         1
    -0.000                   0         4         6         2
     0.001                   0         4         6         3
     0.009                   0         4         6         4
     0.000                   0         4         6         5
     0.002                   0         4         6         6


     0.159                   0         5         0         0
     0.029                   0         5         0         1
     0.001                   0         5         0         2
     0.000                   0         5         0         3
     0.000                   0         5         0         4
     0.006                   0         5         0         5
     0.006                   0         5         0         6

     0.029                   0         5         1         0
     0.054                   0         5         1         1
     0.003                   0         5         1         2
     0.000                   0         5         1         3
     0.000                   0         5         1         4
     0.019                   0         5         1         5
     0.019                   0         5         1         6

     0.001                   0         5         2         0
     0.003                   0         5         2         1
     0.054                   0         5         2         2
     0.000                   0         5         2         3
     0.000                   0         5         2         4
     0.014                   0         5         2         5
    -0.003                   0         5         2         6

     0.000                   0         5         3         0
     0.000                   0         5         3         1
     0.000                   0         5         3         2
     0.054                   0         5         3         3
     0.000                   0         5         3         4
     0.001                   0         5         3         5
     0.013                   0         5         3         6

     0.000                   0         5         4         0
     0.000                   0         5         4         1
     0.000                   0         5         4         2
     0.000                   0         5         4         3
     0.054                   0         5         4         4
     0.000                   0         5         4         5
     0.002                   0         5         4         6

     0.006                   0         5         5         0
     0.019                   0         5         5         1
     0.014                   0         5         5         2
     0.001                   0         5         5         3
     0.000                   0         5         5         4
     0.027                   0         5         5         5
     0.007                   0         5         5         6

     0.006                   0         5         6         0
     0.019                   0         5         6         1
    -0.003                   0         5         6         2
     0.013                   0         5         6         3
     0.002                   0         5         6         4
     0.007                   0         5         6         5
     0.025                   0         5         6         6


     0.159                   0         6         0         0
     0.029                   0         6         0         1
    -0.000                   0         6         0         2
     0.001                   0         6         0         3
     0.000                   0         6         0         4
     0.006                   0         6         0         5
     0.006                   0         6         0         6

     0.029                   0         6         1         0
     0.054                   0         6         1         1
    -0.001                   0         6         1         2
     0.002                   0         6         1         3
     0.000                   0         6         1         4
     0.019                   0         6         1         5
     0.019                   0         6         1         6

    -0.000                   0         6         2         0
    -0.001                   0         6         2         1
     0.054                   0         6         2         2
    -0.000                   0         6         2         3
    -0.000                   0         6         2         4
     0.013                   0         6         2         5
    -0.004                   0         6         2         6

     0.001                   0         6         3         0
     0.002                   0         6         3         1
    -0.000                   0         6         3         2
     0.054                   0         6         3         3
     0.000                   0         6         3         4
     0.001                   0         6         3         5
     0.014                   0         6         3         6

     0.000                   0         6         4         0
     0.000                   0         6         4         1
    -0.000                   0         6         4         2
     0.000                   0         6         4         3
     0.054                   0         6         4         4
     0.000                   0         6         4         5
     0.002                   0         6         4         6

     0.006                   0         6         5         0
     0.019                   0         6         5         1
     0.013                   0         6         5         2
     0.001                   0         6         5         3
     0.000                   0         6         5         4
     0.025                   0         6         5         5
     0.007                   0         6         5         6

     0.006                   0         6         6         0
     0.019                   0         6         6         1
    -0.004                   0         6         6         2
     0.014                   0         6         6         3
     0.002                   0         6         6         4
     0.007                   0         6         6         5
     0.027                   0         6         6         6



     0.741                   1         0         0         0
     0.137                   1         0         0         1
    -0.000                   1         0         0         2
    -0.000                   1         0         0         3
    -0.000                   1         0         0         4
     0.029                   1         0         0         5
     0.029                   1         0         0         6

     0.137                   1         0         1         0
     0.257                   1         0         1         1
     0.000                   1         0         1         2
    -0.000                   1         0         1         3
     0.000                   1         0         1         4
     0.088                   1         0         1         5
     0.088                   1         0         1         6

    -0.000                   1         0         2         0
     0.000                   1         0         2         1
     0.257                   1         0         2         2
    -0.000                   1         0         2         3
    -0.000                   1         0         2         4
     0.064                   1         0         2         5
    -0.019                   1         0         2         6

    -0.000                   1         0         3         0
    -0.000                   1         0         3         1
    -0.000                   1         0         3         2
     0.257                   1         0         3         3
    -0.000                   1         0         3         4
     0.003                   1         0         3         5
     0.061                   1         0         3         6

    -0.000                   1         0         4         0
     0.000                   1         0         4         1
    -0.000                   1         0         4         2
    -0.000                   1         0         4         3
     0.257                   1         0         4         4
     0.000                   1         0         4         5
     0.009                   1         0         4         6

     0.029                   1         0         5         0
     0.088                   1         0         5         1
     0.064                   1         0         5         2
     0.003                   1         0         5         3
     0.000                   1         0         5         4
     0.122                   1         0         5         5
     0.034                   1         0         5         6

     0.029                   1         0         6         0
     0.088                   1         0         6         1
    -0.019                   1         0         6         2
     0.061                   1         0         6         3
     0.009                   1         0         6         4
     0.034                   1         0         6         5
     0.122                   1         0         6         6


     1.119                   1         1         0         0
     0.257                   1         1         0         1
    -0.000                   1         1         0         2
     0.000                   1         1         0         3
    -0.000                   1         1         0         4
     0.054                   1         1         0         5
     0.054                   1         1         0         6

     0.257                   1         1         1         0
     0.817                   1         1         1         1
    -0.000                   1         1         1         2
     0.000                   1         1         1         3
    -0.000                   1         1         1         4
     0.311                   1         1         1         5
     0.311                   1         1         1         6

    -0.000                   1         1         2         0
    -0.000                   1         1         2         1
     0.817                   1         1         2         2
    -0.000                   1         1         2         3
     0.000                   1         1         2         4
     0.241                   1         1         2         5
    -0.070                   1         1         2         6

     0.000                   1         1         3         0
     0.000                   1         1         3         1
    -0.000                   1         1         3         2
     0.817                   1         1         3         3
    -0.000                   1         1         3         4
     0.010                   1         1         3         5
     0.228                   1         1         3         6

    -0.000                   1         1         4         0
    -0.000                   1         1         4         1
     0.000                   1         1         4         2
    -0.000                   1         1         4         3
     0.817                   1         1         4         4
     0.002                   1         1         4         5
     0.034                   1         1         4         6

     0.054                   1         1         5         0
     0.311                   1         1         5         1
     0.241                   1         1         5         2
     0.010                   1         1         5         3
     0.002                   1         1         5         4
     0.492                   1         1         5         5
     0.130                   1         1         5         6

     0.054                   1         1         6         0
     0.311                   1         1         6         1
    -0.070                   1         1         6         2
     0.228                   1         1         6         3
     0.034                   1         1         6         4
     0.130                   1         1         6         5
     0.492                   1         1         6         6


     0.000                   1         2         0         0
     0.000                   1         2         0         1
     0.038                   1         2         0         2
     0.000                   1         2         0         3
    -0.000                   1         2         0         4
     0.003                   1         2         0         5
    -0.001                   1         2         0         6

     0.000                   1         2         1         0
    -0.000                   1         2         1         1
     0.181                   1         2         1         2
     0.000                   1         2         1         3
    -0.000                   1         2         1         4
     0.050                   1         2         1         5
    -0.015                   1         2         1         6

     0.038                   1         2         2         0
     0.181                   1         2         2         1
     0.000                   1         2         2         2
     0.000                   1         2         2         3
    -0.000                   1         2         2         4
     0.091                   1         2         2         5
     0.057                   1         2         2         6

     0.000                   1         2         3         0
     0.000                   1         2         3         1
     0.000                   1         2         3         2
     0.000                   1         2         3         3
    -0.000                   1         2         3         4
     0.002                   1         2         3         5
    -0.010                   1         2         3         6

    -0.000                   1         2         4         0
    -0.000                   1         2         4         1
    -0.000                   1         2         4         2
    -0.000                   1         2         4         3
     0.000                   1         2         4         4
     0.000                   1         2         4         5
    -0.002                   1         2         4         6

     0.003                   1         2         5         0
     0.050                   1         2         5         1
     0.091                   1         2         5         2
     0.002                   1         2         5         3
     0.000                   1         2         5         4
     0.125                   1         2         5         5
     0.013                   1         2         5         6

    -0.001                   1         2         6         0
    -0.015                   1         2         6         1
     0.057                   1         2         6         2
    -0.010                   1         2         6         3
    -0.002                   1         2         6         4
     0.013                   1         2         6         5
    -0.037                   1         2         6         6


    -0.000                   1         3         0         0
    -0.000                   1         3         0         1
     0.000                   1         3         0         2
     0.038                   1         3         0         3
     0.000                   1         3         0         4
     0.000                   1         3         0         5
     0.002                   1         3         0         6

    -0.000                   1         3         1         0
     0.000                   1         3         1         1
     0.000                   1         3         1         2
     0.181                   1         3         1         3
     0.000                   1         3         1         4
     0.002                   1         3         1         5
     0.048                   1         3         1         6

     0.000                   1         3         2         0
     0.000                   1         3         2         1
    -0.000                   1         3         2         2
    -0.000                   1         3         2         3
    -0.000                   1         3         2         4
     0.002                   1         3         2         5
    -0.010                   1         3         2         6

     0.038                   1         3         3         0
     0.181                   1         3         3         1
    -0.000                   1         3         3         2
    -0.000                   1         3         3         3
    -0.000                   1         3         3         4
     0.054                   1         3         3         5
     0.087                   1         3         3         6

     0.000                   1         3         4         0
     0.000                   1         3         4         1
    -0.000                   1         3         4         2
    -0.000                   1         3         4         3
    -0.000                   1         3         4         4
     0.000                   1         3         4         5
     0.005                   1         3         4         6

     0.000                   1         3         5         0
     0.002                   1         3         5         1
     0.002                   1         3         5         2
     0.054                   1         3         5         3
     0.000                   1         3         5         4
     0.005                   1         3         5         5
     0.018                   1         3         5         6

     0.002                   1         3         6         0
     0.048                   1         3         6         1
    -0.010                   1         3         6         2
     0.087                   1         3         6         3
     0.005                   1         3         6         4
     0.018                   1         3         6         5
     0.118                   1         3         6         6


     0.000                   1         4         0         0
     0.000                   1         4         0         1
    -0.000                   1         4         0         2
     0.000                   1         4         0         3
     0.038                   1         4         0         4
     0.000                   1         4         0         5
     0.000                   1         4         0         6

     0.000                   1         4         1         0
    -0.000                   1         4         1         1
    -0.000                   1         4         1         2
     0.000                   1         4         1         3
     0.181                   1         4         1         4
     0.000                   1         4         1         5
     0.007                   1         4         1         6

    -0.000                   1         4         2         0
    -0.000                   1         4         2         1
     0.000                   1         4         2         2
    -0.000                   1         4         2         3
    -0.000                   1         4         2         4
     0.000                   1         4         2         5
    -0.002                   1         4         2         6

     0.000                   1         4         3         0
     0.000                   1         4         3         1
    -0.000                   1         4         3         2
     0.000                   1         4         3         3
     0.000                   1         4         3         4
     0.000                   1         4         3         5
     0.005                   1         4         3         6

     0.038                   1         4         4         0
     0.181                   1         4         4         1
    -0.000                   1         4         4         2
     0.000                   1         4         4         3
     0.000                   1         4         4         4
     0.054                   1         4         4         5
     0.055                   1         4         4         6

     0.000                   1         4         5         0
     0.000                   1         4         5         1
     0.000                   1         4         5         2
     0.000                   1         4         5         3
     0.054                   1         4         5         4
     0.001                   1         4         5         5
     0.003                   1         4         5         6

     0.000                   1         4         6         0
     0.007                   1         4         6         1
    -0.002                   1         4         6         2
     0.005                   1         4         6         3
     0.055                   1         4         6         4
     0.003                   1         4         6         5
     0.017                   1         4         6         6


     0.381                   1         5         0         0
     0.088                   1         5         0         1
     0.007                   1         5         0         2
     0.000                   1         5         0         3
     0.000                   1         5         0         4
     0.019                   1         5         0         5
     0.019                   1         5         0         6

     0.088                   1         5         1         0
     0.311                   1         5         1         1
     0.050                   1         5         1         2
     0.002                   1         5         1         3
     0.000                   1         5         1         4
     0.146                   1         5         1         5
     0.119                   1         5         1         6

     0.007                   1         5         2         0
     0.050                   1         5         2         1
     0.322                   1         5         2         2
     0.001                   1         5         2         3
     0.000                   1         5         2         4
     0.137                   1         5         2         5
    -0.011                   1         5         2         6

     0.000                   1         5         3         0
     0.002                   1         5         3         1
     0.001                   1         5         3         2
     0.306                   1         5         3         3
     0.000                   1         5         3         4
     0.006                   1         5         3         5
     0.088                   1         5         3         6

     0.000                   1         5         4         0
     0.000                   1         5         4         1
     0.000                   1         5         4         2
     0.000                   1         5         4         3
     0.306                   1         5         4         4
     0.001                   1         5         4         5
     0.013                   1         5         4         6

     0.019                   1         5         5         0
     0.146                   1         5         5         1
     0.137                   1         5         5         2
     0.006                   1         5         5         3
     0.001                   1         5         5         4
     0.289                   1         5         5         5
     0.060                   1         5         5         6

     0.019                   1         5         6         0
     0.119                   1         5         6         1
    -0.011                   1         5         6         2
     0.088                   1         5         6         3
     0.013                   1         5         6         4
     0.060                   1         5         6         5
     0.193                   1         5         6         6


     0.381                   1         6         0         0
     0.088                   1         6         0         1
    -0.002                   1         6         0         2
     0.006                   1         6         0         3
     0.001                   1         6         0         4
     0.019                   1         6         0         5
     0.019                   1         6         0         6

     0.088                   1         6         1         0
     0.311                   1         6         1         1
    -0.015                   1         6         1         2
     0.048                   1         6         1         3
     0.007                   1         6         1         4
     0.119                   1         6         1         5
     0.146                   1         6         1         6

    -0.002                   1         6         2         0
    -0.015                   1         6         2         1
     0.307                   1         6         2         2
    -0.004                   1         6         2         3
    -0.001                   1         6         2         4
     0.088                   1         6         2         5
    -0.040                   1         6         2         6

     0.006                   1         6         3         0
     0.048                   1         6         3         1
    -0.004                   1         6         3         2
     0.320                   1         6         3         3
     0.002                   1         6         3         4
     0.019                   1         6         3         5
     0.130                   1         6         3         6

     0.001                   1         6         4         0
     0.007                   1         6         4         1
    -0.001                   1         6         4         2
     0.002                   1         6         4         3
     0.306                   1         6         4         4
     0.003                   1         6         4         5
     0.019                   1         6         4         6

     0.019                   1         6         5         0
     0.119                   1         6         5         1
     0.088                   1         6         5         2
     0.019                   1         6         5         3
     0.003                   1         6         5         4
     0.193                   1         6         5         5
     0.060                   1         6         5         6

     0.019                   1         6         6         0
     0.146                   1         6         6         1
    -0.040                   1         6         6         2
     0.130                   1         6         6         3
     0.019                   1         6         6         4
     0.060                   1         6         6         5
     0.289                   1         6         6         6



    -0.000                   2         0         0         0
    -0.000                   2         0         0         1
     0.024                   2         0         0         2
    -0.000                   2         0         0         3
    -0.000                   2         0         0         4
     0.001                   2         0         0         5
    -0.000                   2         0         0         6

    -0.000                   2         0         1         0
    -0.000                   2         0         1         1
     0.038                   2         0         1         2
     0.000                   2         0         1         3
    -0.000                   2         0         1         4
     0.007                   2         0         1         5
    -0.002                   2         0         1         6

     0.024                   2         0         2         0
     0.038                   2         0         2         1
     0.000                   2         0         2         2
    -0.000                   2         0         2         3
    -0.000                   2         0         2         4
     0.014                   2         0         2         5
     0.010                   2         0         2         6

    -0.000                   2         0         3         0
     0.000                   2         0         3         1
    -0.000                   2         0         3         2
    -0.000                   2         0         3         3
     0.000                   2         0         3         4
     0.000                   2         0         3         5
    -0.001                   2         0         3         6

    -0.000                   2         0         4         0
    -0.000                   2         0         4         1
    -0.000                   2         0         4         2
     0.000                   2         0         4         3
    -0.000                   2         0         4         4
     0.000                   2         0         4         5
    -0.000                   2         0         4         6

     0.001                   2         0         5         0
     0.007                   2         0         5         1
     0.014                   2         0         5         2
     0.000                   2         0         5         3
     0.000                   2         0         5         4
     0.012                   2         0         5         5
     0.001                   2         0         5         6

    -0.000                   2         0         6         0
    -0.002                   2         0         6         1
     0.010                   2         0         6         2
    -0.001                   2         0         6         3
    -0.000                   2         0         6         4
     0.001                   2         0         6         5
    -0.003                   2         0         6         6


     0.000                   2         1         0         0
     0.000                   2         1         0         1
     0.038                   2         1         0         2
     0.000                   2         1         0         3
    -0.000                   2         1         0         4
     0.003                   2         1         0         5
    -0.001                   2         1         0         6

     0.000                   2         1         1         0
    -0.000                   2         1         1         1
     0.181                   2         1         1         2
     0.000                   2         1         1         3
    -0.000                   2         1         1         4
     0.050                   2         1         1         5
    -0.015                   2         1         1         6

     0.038                   2         1         2         0
     0.181                   2         1         2         1
     0.000                   2         1         2         2
     0.000                   2         1         2         3
    -0.000                   2         1         2         4
     0.091                   2         1         2         5
     0.057                   2         1         2         6

     0.000                   2         1         3         0
     0.000                   2         1         3         1
     0.000                   2         1         3         2
     0.000                   2         1         3         3
    -0.000                   2         1         3         4
     0.002                   2         1         3         5
    -0.010                   2         1         3         6

    -0.000                   2         1         4         0
    -0.000                   2         1         4         1
    -0.000                   2         1         4         2
    -0.000                   2         1         4         3
     0.000                   2         1         4         4
     0.000                   2         1         4         5
    -0.002                   2         1         4         6

     0.003                   2         1         5         0
     0.050                   2         1         5         1
     0.091                   2         1         5         2
     0.002                   2         1         5         3
     0.000                   2         1         5         4
     0.125                   2         1         5         5
     0.013                   2         1         5         6

    -0.001                   2         1         6         0
    -0.015                   2         1         6         1
     0.057                   2         1         6         2
    -0.010                   2         1         6         3
    -0.002                   2         1         6         4
     0.013                   2         1         6         5
    -0.037                   2         1         6         6


     1.116                   2         2         0         0
     0.257                   2         2         0         1
     0.000                   2         2         0         2
     0.000                   2         2         0         3
     0.000                   2         2         0         4
     0.054                   2         2         0         5
     0.054                   2         2         0         6

     0.257                   2         2         1         0
     0.817                   2         2         1         1
     0.000                   2         2         1         2
    -0.000                   2         2         1         3
     0.000                   2         2         1         4
     0.322                   2         2         1         5
     0.307                   2         2         1         6

     0.000                   2         2         2         0
     0.000                   2         2         2         1
     0.880                   2         2         2         2
    -0.000                   2         2         2         3
     0.000                   2         2         2         4
     0.262                   2         2         2         5
    -0.074                   2         2         2         6

     0.000                   2         2         3         0
    -0.000                   2         2         3         1
    -0.000                   2         2         3         2
     0.785                   2         2         3         3
    -0.000                   2         2         3         4
     0.010                   2         2         3         5
     0.218                   2         2         3         6

     0.000                   2         2         4         0
     0.000                   2         2         4         1
     0.000                   2         2         4         2
    -0.000                   2         2         4         3
     0.785                   2         2         4         4
     0.002                   2         2         4         5
     0.032                   2         2         4         6

     0.054                   2         2         5         0
     0.322                   2         2         5         1
     0.262                   2         2         5         2
     0.010                   2         2         5         3
     0.002                   2         2         5         4
     0.531                   2         2         5         5
     0.131                   2         2         5         6

     0.054                   2         2         6         0
     0.307                   2         2         6         1
    -0.074                   2         2         6         2
     0.218                   2         2         6         3
     0.032                   2         2         6         4
     0.131                   2         2         6         5
     0.477                   2         2         6         6


    -0.000                   2         3         0         0
    -0.000                   2         3         0         1
    -0.000                   2         3         0         2
     0.000                   2         3         0         3
     0.000                   2         3         0         4
     0.000                   2         3         0         5
    -0.000                   2         3         0         6

    -0.000                   2         3         1         0
    -0.000                   2         3         1         1
     0.000                   2         3         1         2
    -0.000                   2         3         1         3
    -0.000                   2         3         1         4
     0.001                   2         3         1         5
    -0.004                   2         3         1         6

    -0.000                   2         3         2         0
     0.000                   2         3         2         1
    -0.000                   2         3         2         2
     0.047                   2         3         2         3
     0.000                   2         3         2         4
     0.001                   2         3         2         5
     0.011                   2         3         2         6

     0.000                   2         3         3         0
    -0.000                   2         3         3         1
     0.047                   2         3         3         2
    -0.000                   2         3         3         3
    -0.000                   2         3         3         4
     0.011                   2         3         3         5
    -0.006                   2         3         3         6

     0.000                   2         3         4         0
    -0.000                   2         3         4         1
     0.000                   2         3         4         2
    -0.000                   2         3         4         3
    -0.000                   2         3         4         4
     0.000                   2         3         4         5
    -0.000                   2         3         4         6

     0.000                   2         3         5         0
     0.001                   2         3         5         1
     0.001                   2         3         5         2
     0.011                   2         3         5         3
     0.000                   2         3         5         4
     0.003                   2         3         5         5
     0.002                   2         3         5         6

    -0.000                   2         3         6         0
    -0.004                   2         3         6         1
     0.011                   2         3         6         2
    -0.006                   2         3         6         3
    -0.000                   2         3         6         4
     0.002                   2         3         6         5
    -0.016                   2         3         6         6


     0.000                   2         4         0         0
    -0.000                   2         4         0         1
    -0.000                   2         4         0         2
     0.000                   2         4         0         3
     0.000                   2         4         0         4
     0.000                   2         4         0         5
    -0.000                   2         4         0         6

    -0.000                   2         4         1         0
     0.000                   2         4         1         1
    -0.000                   2         4         1         2
    -0.000                   2         4         1         3
    -0.000                   2         4         1         4
     0.000                   2         4         1         5
    -0.001                   2         4         1         6

    -0.000                   2         4         2         0
    -0.000                   2         4         2         1
     0.000                   2         4         2         2
     0.000                   2         4         2         3
     0.047                   2         4         2         4
     0.000                   2         4         2         5
     0.002                   2         4         2         6

     0.000                   2         4         3         0
    -0.000                   2         4         3         1
     0.000                   2         4         3         2
     0.000                   2         4         3         3
     0.000                   2         4         3         4
     0.000                   2         4         3         5
    -0.000                   2         4         3         6

     0.000                   2         4         4         0
    -0.000                   2         4         4         1
     0.047                   2         4         4         2
     0.000                   2         4         4         3
     0.000                   2         4         4         4
     0.011                   2         4         4         5
    -0.003                   2         4         4         6

     0.000                   2         4         5         0
     0.000                   2         4         5         1
     0.000                   2         4         5         2
     0.000                   2         4         5         3
     0.011                   2         4         5         4
     0.000                   2         4         5         5
     0.000                   2         4         5         6

    -0.000                   2         4         6         0
    -0.001                   2         4         6         1
     0.002                   2         4         6         2
    -0.000                   2         4         6         3
    -0.003                   2         4         6         4
     0.000                   2         4         6         5
    -0.002                   2         4         6         6


     0.272                   2         5         0         0
     0.064                   2         5         0         1
     0.014                   2         5         0         2
     0.000                   2         5         0         3
     0.000                   2         5         0         4
     0.014                   2         5         0         5
     0.013                   2         5         0         6

     0.064                   2         5         1         0
     0.241                   2         5         1         1
     0.091                   2         5         1         2
     0.002                   2         5         1         3
     0.000                   2         5         1         4
     0.137                   2         5         1         5
     0.088                   2         5         1         6

     0.014                   2         5         2         0
     0.091                   2         5         2         1
     0.262                   2         5         2         2
     0.001                   2         5         2         3
     0.000                   2         5         2         4
     0.148                   2         5         2         5
     0.008                   2         5         2         6

     0.000                   2         5         3         0
     0.002                   2         5         3         1
     0.001                   2         5         3         2
     0.230                   2         5         3         3
     0.000                   2         5         3         4
     0.005                   2         5         3         5
     0.065                   2         5         3         6

     0.000                   2         5         4         0
     0.000                   2         5         4         1
     0.000                   2         5         4         2
     0.000                   2         5         4         3
     0.230                   2         5         4         4
     0.001                   2         5         4         5
     0.010                   2         5         4         6

     0.014                   2         5         5         0
     0.137                   2         5         5         1
     0.148                   2         5         5         2
     0.005                   2         5         5         3
     0.001                   2         5         5         4
     0.309                   2         5         5         5
     0.054                   2         5         5         6

     0.013                   2         5         6         0
     0.088                   2         5         6         1
     0.008                   2         5         6         2
     0.065                   2         5         6         3
     0.010                   2         5         6         4
     0.054                   2         5         6         5
     0.140                   2         5         6         6


    -0.080                   2         6         0         0
    -0.019                   2         6         0         1
     0.010                   2         6         0         2
    -0.001                   2         6         0         3
    -0.000                   2         6         0         4
    -0.003                   2         6         0         5
    -0.004                   2         6         0         6

    -0.019                   2         6         1         0
    -0.070                   2         6         1         1
     0.057                   2         6         1         2
    -0.010                   2         6         1         3
    -0.002                   2         6         1         4
    -0.011                   2         6         1         5
    -0.040                   2         6         1         6

     0.010                   2         6         2         0
     0.057                   2         6         2         1
    -0.074                   2         6         2         2
     0.011                   2         6         2         3
     0.002                   2         6         2         4
     0.008                   2         6         2         5
     0.032                   2         6         2         6

    -0.001                   2         6         3         0
    -0.010                   2         6         3         1
     0.011                   2         6         3         2
    -0.070                   2         6         3         3
    -0.000                   2         6         3         4
    -0.001                   2         6         3         5
    -0.035                   2         6         3         6

    -0.000                   2         6         4         0
    -0.002                   2         6         4         1
     0.002                   2         6         4         2
    -0.000                   2         6         4         3
    -0.067                   2         6         4         4
    -0.000                   2         6         4         5
    -0.005                   2         6         4         6

    -0.003                   2         6         5         0
    -0.011                   2         6         5         1
     0.008                   2         6         5         2
    -0.001                   2         6         5         3
    -0.000                   2         6         5         4
    -0.003                   2         6         5         5
    -0.009                   2         6         5         6

    -0.004                   2         6         6         0
    -0.040                   2         6         6         1
     0.032                   2         6         6         2
    -0.035                   2         6         6         3
    -0.005                   2         6         6         4
    -0.009                   2         6         6         5
    -0.091                   2         6         6         6



    -0.000                   3         0         0         0
    -0.000                   3         0         0         1
    -0.000                   3         0         0         2
     0.024                   3         0         0         3
     0.000                   3         0         0         4
     0.000                   3         0         0         5
     0.001                   3         0         0         6

    -0.000                   3         0         1         0
     0.000                   3         0         1         1
     0.000                   3         0         1         2
     0.038                   3         0         1         3
     0.000                   3         0         1         4
     0.000                   3         0         1         5
     0.006                   3         0         1         6

    -0.000                   3         0         2         0
     0.000                   3         0         2         1
     0.000                   3         0         2         2
     0.000                   3         0         2         3
     0.000                   3         0         2         4
     0.000                   3         0         2         5
    -0.001                   3         0         2         6

     0.024                   3         0         3         0
     0.038                   3         0         3         1
     0.000                   3         0         3         2
    -0.000                   3         0         3         3
    -0.000                   3         0         3         4
     0.009                   3         0         3         5
     0.013                   3         0         3         6

     0.000                   3         0         4         0
     0.000                   3         0         4         1
     0.000                   3         0         4         2
    -0.000                   3         0         4         3
     0.000                   3         0         4         4
     0.000                   3         0         4         5
     0.001                   3         0         4         6

     0.000                   3         0         5         0
     0.000                   3         0         5         1
     0.000                   3         0         5         2
     0.009                   3         0         5         3
     0.000                   3         0         5         4
     0.001                   3         0         5         5
     0.002                   3         0         5         6

     0.001                   3         0         6         0
     0.006                   3         0         6         1
    -0.001                   3         0         6         2
     0.013                   3         0         6         3
     0.001                   3         0         6         4
     0.002                   3         0         6         5
     0.011                   3         0         6         6


    -0.000                   3         1         0         0
    -0.000                   3         1         0         1
     0.000                   3         1         0         2
     0.038                   3         1         0         3
     0.000                   3         1         0         4
     0.000                   3         1         0         5
     0.002                   3         1         0         6

    -0.000                   3         1         1         0
     0.000                   3         1         1         1
     0.000                   3         1         1         2
     0.181                   3         1         1         3
     0.000                   3         1         1         4
     0.002                   3         1         1         5
     0.048                   3         1         1         6

     0.000                   3         1         2         0
     0.000                   3         1         2         1
    -0.000                   3         1         2         2
    -0.000                   3         1         2         3
    -0.000                   3         1         2         4
     0.002                   3         1         2         5
    -0.010                   3         1         2         6

     0.038                   3         1         3         0
     0.181                   3         1         3         1
    -0.000                   3         1         3         2
    -0.000                   3         1         3         3
    -0.000                   3         1         3         4
     0.054                   3         1         3         5
     0.087                   3         1         3         6

     0.000                   3         1         4         0
     0.000                   3         1         4         1
    -0.000                   3         1         4         2
    -0.000                   3         1         4         3
    -0.000                   3         1         4         4
     0.000                   3         1         4         5
     0.005                   3         1         4         6

     0.000                   3         1         5         0
     0.002                   3         1         5         1
     0.002                   3         1         5         2
     0.054                   3         1         5         3
     0.000                   3         1         5         4
     0.005                   3         1         5         5
     0.018                   3         1         5         6

     0.002                   3         1         6         0
     0.048                   3         1         6         1
    -0.010                   3         1         6         2
     0.087                   3         1         6         3
     0.005                   3         1         6         4
     0.018                   3         1         6         5
     0.118                   3         1         6         6


    -0.000                   3         2         0         0
    -0.000                   3         2         0         1
    -0.000                   3         2         0         2
     0.000                   3         2         0         3
     0.000                   3         2         0         4
     0.000                   3         2         0         5
    -0.000                   3         2         0         6

    -0.000                   3         2         1         0
    -0.000                   3         2         1         1
     0.000                   3         2         1         2
    -0.000                   3         2         1         3
    -0.000                   3         2         1         4
     0.001                   3         2         1         5
    -0.004                   3         2         1         6

    -0.000                   3         2         2         0
     0.000                   3         2         2         1
    -0.000                   3         2         2         2
     0.047                   3         2         2         3
     0.000                   3         2         2         4
     0.001                   3         2         2         5
     0.011                   3         2         2         6

     0.000                   3         2         3         0
    -0.000                   3         2         3         1
     0.047                   3         2         3         2
    -0.000                   3         2         3         3
    -0.000                   3         2         3         4
     0.011                   3         2         3         5
    -0.006                   3         2         3         6

     0.000                   3         2         4         0
    -0.000                   3         2         4         1
     0.000                   3         2         4         2
    -0.000                   3         2         4         3
    -0.000                   3         2         4         4
     0.000                   3         2         4         5
    -0.000                   3         2         4         6

     0.000                   3         2         5         0
     0.001                   3         2         5         1
     0.001                   3         2         5         2
     0.011                   3         2         5         3
     0.000                   3         2         5         4
     0.003                   3         2         5         5
     0.002                   3         2         5         6

    -0.000                   3         2         6         0
    -0.004                   3         2         6         1
     0.011                   3         2         6         2
    -0.006                   3         2         6         3
    -0.000                   3         2         6         4
     0.002                   3         2         6         5
    -0.016                   3         2         6         6


     1.116                   3         3         0         0
     0.257                   3         3         0         1
    -0.000                   3         3         0         2
    -0.000                   3         3         0         3
     0.000                   3         3         0         4
     0.054                   3         3         0         5
     0.054                   3         3         0         6

     0.257                   3         3         1         0
     0.817                   3         3         1         1
     0.000                   3         3         1         2
    -0.000                   3         3         1         3
     0.000                   3         3         1         4
     0.306                   3         3         1         5
     0.320                   3         3         1         6

    -0.000                   3         3         2         0
     0.000                   3         3         2         1
     0.785                   3         3         2         2
    -0.000                   3         3         2         3
     0.000                   3         3         2         4
     0.230                   3         3         2         5
    -0.070                   3         3         2         6

    -0.000                   3         3         3         0
    -0.000                   3         3         3         1
    -0.000                   3         3         3         2
     0.880                   3         3         3         3
    -0.000                   3         3         3         4
     0.011                   3         3         3         5
     0.247                   3         3         3         6

     0.000                   3         3         4         0
     0.000                   3         3         4         1
     0.000                   3         3         4         2
    -0.000                   3         3         4         3
     0.785                   3         3         4         4
     0.001                   3         3         4         5
     0.034                   3         3         4         6

     0.054                   3         3         5         0
     0.306                   3         3         5         1
     0.230                   3         3         5         2
     0.011                   3         3         5         3
     0.001                   3         3         5         4
     0.472                   3         3         5         5
     0.132                   3         3         5         6

     0.054                   3         3         6         0
     0.320                   3         3         6         1
    -0.070                   3         3         6         2
     0.247                   3         3         6         3
     0.034                   3         3         6         4
     0.132                   3         3         6         5
     0.525                   3         3         6         6


    -0.000                   3         4         0         0
    -0.000                   3         4         0         1
     0.000                   3         4         0         2
    -0.000                   3         4         0         3
    -0.000                   3         4         0         4
     0.000                   3         4         0         5
     0.000                   3         4         0         6

    -0.000                   3         4         1         0
    -0.000                   3         4         1         1
    -0.000                   3         4         1         2
    -0.000                   3         4         1         3
     0.000                   3         4         1         4
     0.000                   3         4         1         5
     0.002                   3         4         1         6

     0.000                   3         4         2         0
    -0.000                   3         4         2         1
    -0.000                   3         4         2         2
    -0.000                   3         4         2         3
     0.000                   3         4         2         4
     0.000                   3         4         2         5
    -0.000                   3         4         2         6

    -0.000                   3         4         3         0
    -0.000                   3         4         3         1
    -0.000                   3         4         3         2
    -0.000                   3         4         3         3
     0.047                   3         4         3         4
     0.000                   3         4         3         5
     0.003                   3         4         3         6

    -0.000                   3         4         4         0
     0.000                   3         4         4         1
     0.000                   3         4         4         2
     0.047                   3         4         4         3
    -0.000                   3         4         4         4
     0.000                   3         4         4         5
     0.010                   3         4         4         6

     0.000                   3         4         5         0
     0.000                   3         4         5         1
     0.000                   3         4         5         2
     0.000                   3         4         5         3
     0.000                   3         4         5         4
     0.000                   3         4         5         5
     0.001                   3         4         5         6

     0.000                   3         4         6         0
     0.002                   3         4         6         1
    -0.000                   3         4         6         2
     0.003                   3         4         6         3
     0.010                   3         4         6         4
     0.001                   3         4         6         5
     0.008                   3         4         6         6


     0.012                   3         5         0         0
     0.003                   3         5         0         1
     0.000                   3         5         0         2
     0.009                   3         5         0         3
     0.000                   3         5         0         4
     0.001                   3         5         0         5
     0.001                   3         5         0         6

     0.003                   3         5         1         0
     0.010                   3         5         1         1
     0.002                   3         5         1         2
     0.054                   3         5         1         3
     0.000                   3         5         1         4
     0.006                   3         5         1         5
     0.019                   3         5         1         6

     0.000                   3         5         2         0
     0.002                   3         5         2         1
     0.010                   3         5         2         2
     0.011                   3         5         2         3
     0.000                   3         5         2         4
     0.005                   3         5         2         5
    -0.001                   3         5         2         6

     0.009                   3         5         3         0
     0.054                   3         5         3         1
     0.011                   3         5         3         2
     0.011                   3         5         3         3
     0.000                   3         5         3         4
     0.021                   3         5         3         5
     0.030                   3         5         3         6

     0.000                   3         5         4         0
     0.000                   3         5         4         1
     0.000                   3         5         4         2
     0.000                   3         5         4         3
     0.010                   3         5         4         4
     0.000                   3         5         4         5
     0.002                   3         5         4         6

     0.001                   3         5         5         0
     0.006                   3         5         5         1
     0.005                   3         5         5         2
     0.021                   3         5         5         3
     0.000                   3         5         5         4
     0.013                   3         5         5         5
     0.009                   3         5         5         6

     0.001                   3         5         6         0
     0.019                   3         5         6         1
    -0.001                   3         5         6         2
     0.030                   3         5         6         3
     0.002                   3         5         6         4
     0.009                   3         5         6         5
     0.046                   3         5         6         6


     0.258                   3         6         0         0
     0.061                   3         6         0         1
    -0.001                   3         6         0         2
     0.013                   3         6         0         3
     0.001                   3         6         0         4
     0.013                   3         6         0         5
     0.014                   3         6         0         6

     0.061                   3         6         1         0
     0.228                   3         6         1         1
    -0.010                   3         6         1         2
     0.087                   3         6         1         3
     0.005                   3         6         1         4
     0.088                   3         6         1         5
     0.130                   3         6         1         6

    -0.001                   3         6         2         0
    -0.010                   3         6         2         1
     0.218                   3         6         2         2
    -0.006                   3         6         2         3
    -0.000                   3         6         2         4
     0.065                   3         6         2         5
    -0.035                   3         6         2         6

     0.013                   3         6         3         0
     0.087                   3         6         3         1
    -0.006                   3         6         3         2
     0.247                   3         6         3         3
     0.003                   3         6         3         4
     0.030                   3         6         3         5
     0.135                   3         6         3         6

     0.001                   3         6         4         0
     0.005                   3         6         4         1
    -0.000                   3         6         4         2
     0.003                   3         6         4         3
     0.218                   3         6         4         4
     0.002                   3         6         4         5
     0.017                   3         6         4         6

     0.013                   3         6         5         0
     0.088                   3         6         5         1
     0.065                   3         6         5         2
     0.030                   3         6         5         3
     0.002                   3         6         5         4
     0.145                   3         6         5         5
     0.054                   3         6         5         6

     0.014                   3         6         6         0
     0.130                   3         6         6         1
    -0.035                   3         6         6         2
     0.135                   3         6         6         3
     0.017                   3         6         6         4
     0.054                   3         6         6         5
     0.293                   3         6         6         6



     0.000                   4         0         0         0
    -0.000                   4         0         0         1
    -0.000                   4         0         0         2
     0.000                   4         0         0         3
     0.024                   4         0         0         4
     0.000                   4         0         0         5
     0.000                   4         0         0         6

    -0.000                   4         0         1         0
    -0.000                   4         0         1         1
    -0.000                   4         0         1         2
     0.000                   4         0         1         3
     0.038                   4         0         1         4
     0.000                   4         0         1         5
     0.001                   4         0         1         6

    -0.000                   4         0         2         0
    -0.000                   4         0         2         1
     0.000                   4         0         2         2
     0.000                   4         0         2         3
     0.000                   4         0         2         4
     0.000                   4         0         2         5
    -0.000                   4         0         2         6

     0.000                   4         0         3         0
     0.000                   4         0         3         1
     0.000                   4         0         3         2
     0.000                   4         0         3         3
    -0.000                   4         0         3         4
     0.000                   4         0         3         5
     0.001                   4         0         3         6

     0.024                   4         0         4         0
     0.038                   4         0         4         1
     0.000                   4         0         4         2
    -0.000                   4         0         4         3
    -0.000                   4         0         4         4
     0.009                   4         0         4         5
     0.009                   4         0         4         6

     0.000                   4         0         5         0
     0.000                   4         0         5         1
     0.000                   4         0         5         2
     0.000                   4         0         5         3
     0.009                   4         0         5         4
     0.000                   4         0         5         5
     0.000                   4         0         5         6

     0.000                   4         0         6         0
     0.001                   4         0         6         1
    -0.000                   4         0         6         2
     0.001                   4         0         6         3
     0.009                   4         0         6         4
     0.000                   4         0         6         5
     0.002                   4         0         6         6


     0.000                   4         1         0         0
     0.000                   4         1         0         1
    -0.000                   4         1         0         2
     0.000                   4         1         0         3
     0.038                   4         1         0         4
     0.000                   4         1         0         5
     0.000                   4         1         0         6

     0.000                   4         1         1         0
    -0.000                   4         1         1         1
    -0.000                   4         1         1         2
     0.000                   4         1         1         3
     0.181                   4         1         1         4
     0.000                   4         1         1         5
     0.007                   4         1         1         6

    -0.000                   4         1         2         0
    -0.000                   4         1         2         1
     0.000                   4         1         2         2
    -0.000                   4         1         2         3
    -0.000                   4         1         2         4
     0.000                   4         1         2         5
    -0.002                   4         1         2         6

     0.000                   4         1         3         0
     0.000                   4         1         3         1
    -0.000                   4         1         3         2
     0.000                   4         1         3         3
     0.000                   4         1         3         4
     0.000                   4         1         3         5
     0.005                   4         1         3         6

     0.038                   4         1         4         0
     0.181                   4         1         4         1
    -0.000                   4         1         4         2
     0.000                   4         1         4         3
     0.000                   4         1         4         4
     0.054                   4         1         4         5
     0.055                   4         1         4         6

     0.000                   4         1         5         0
     0.000                   4         1         5         1
     0.000                   4         1         5         2
     0.000                   4         1         5         3
     0.054                   4         1         5         4
     0.001                   4         1         5         5
     0.003                   4         1         5         6

     0.000                   4         1         6         0
     0.007                   4         1         6         1
    -0.002                   4         1         6         2
     0.005                   4         1         6         3
     0.055                   4         1         6         4
     0.003                   4         1         6         5
     0.017                   4         1         6         6


     0.000                   4         2         0         0
    -0.000                   4         2         0         1
    -0.000                   4         2         0         2
     0.000                   4         2         0         3
     0.000                   4         2         0         4
     0.000                   4         2         0         5
    -0.000                   4         2         0         6

    -0.000                   4         2         1         0
     0.000                   4         2         1         1
    -0.000                   4         2         1         2
    -0.000                   4         2         1         3
    -0.000                   4         2         1         4
     0.000                   4         2         1         5
    -0.001                   4         2         1         6

    -0.000                   4         2         2         0
    -0.000                   4         2         2         1
     0.000                   4         2         2         2
     0.000                   4         2         2         3
     0.047                   4         2         2         4
     0.000                   4         2         2         5
     0.002                   4         2         2         6

     0.000                   4         2         3         0
    -0.000                   4         2         3         1
     0.000                   4         2         3         2
     0.000                   4         2         3         3
     0.000                   4         2         3         4
     0.000                   4         2         3         5
    -0.000                   4         2         3         6

     0.000                   4         2         4         0
    -0.000                   4         2         4         1
     0.047                   4         2         4         2
     0.000                   4         2         4         3
     0.000                   4         2         4         4
     0.011                   4         2         4         5
    -0.003                   4         2         4         6

     0.000                   4         2         5         0
     0.000                   4         2         5         1
     0.000                   4         2         5         2
     0.000                   4         2         5         3
     0.011                   4         2         5         4
     0.000                   4         2         5         5
     0.000                   4         2         5         6

    -0.000                   4         2         6         0
    -0.001                   4         2         6         1
     0.002                   4         2         6         2
    -0.000                   4         2         6         3
    -0.003                   4         2         6         4
     0.000                   4         2         6         5
    -0.002                   4         2         6         6


    -0.000                   4         3         0         0
    -0.000                   4         3         0         1
     0.000                   4         3         0         2
    -0.000                   4         3         0         3
    -0.000                   4         3         0         4
     0.000                   4         3         0         5
     0.000                   4         3         0         6

    -0.000                   4         3         1         0
    -0.000                   4         3         1         1
    -0.000                   4         3         1         2
    -0.000                   4         3         1         3
     0.000                   4         3         1         4
     0.000                   4         3         1         5
     0.002                   4         3         1         6

     0.000                   4         3         2         0
    -0.000                   4         3         2         1
    -0.000                   4         3         2         2
    -0.000                   4         3         2         3
     0.000                   4         3         2         4
     0.000                   4         3         2         5
    -0.000                   4         3         2         6

    -0.000                   4         3         3         0
    -0.000                   4         3         3         1
    -0.000                   4         3         3         2
    -0.000                   4         3         3         3
     0.047                   4         3         3         4
     0.000                   4         3         3         5
     0.003                   4         3         3         6

    -0.000                   4         3         4         0
     0.000                   4         3         4         1
     0.000                   4         3         4         2
     0.047                   4         3         4         3
    -0.000                   4         3         4         4
     0.000                   4         3         4         5
     0.010                   4         3         4         6

     0.000                   4         3         5         0
     0.000                   4         3         5         1
     0.000                   4         3         5         2
     0.000                   4         3         5         3
     0.000                   4         3         5         4
     0.000                   4         3         5         5
     0.001                   4         3         5         6

     0.000                   4         3         6         0
     0.002                   4         3         6         1
    -0.000                   4         3         6         2
     0.003                   4         3         6         3
     0.010                   4         3         6         4
     0.001                   4         3         6         5
     0.008                   4         3         6         6


     1.116                   4         4         0         0
     0.257                   4         4         0         1
    -0.000                   4         4         0         2
     0.000                   4         4         0         3
    -0.000                   4         4         0         4
     0.054                   4         4         0         5
     0.054                   4         4         0         6

     0.257                   4         4         1         0
     0.817                   4         4         1         1
     0.000                   4         4         1         2
    -0.000                   4         4         1         3
     0.000                   4         4         1         4
     0.306                   4         4         1         5
     0.306                   4         4         1         6

    -0.000                   4         4         2         0
     0.000                   4         4         2         1
     0.785                   4         4         2         2
    -0.000                   4         4         2         3
     0.000                   4         4         2         4
     0.230                   4         4         2         5
    -0.067                   4         4         2         6

     0.000                   4         4         3         0
    -0.000                   4         4         3         1
    -0.000                   4         4         3         2
     0.785                   4         4         3         3
    -0.000                   4         4         3         4
     0.010                   4         4         3         5
     0.218                   4         4         3         6

    -0.000                   4         4         4         0
     0.000                   4         4         4         1
     0.000                   4         4         4         2
    -0.000                   4         4         4         3
     0.880                   4         4         4         4
     0.002                   4         4         4         5
     0.035                   4         4         4         6

     0.054                   4         4         5         0
     0.306                   4         4         5         1
     0.230                   4         4         5         2
     0.010                   4         4         5         3
     0.002                   4         4         5         4
     0.472                   4         4         5         5
     0.127                   4         4         5         6

     0.054                   4         4         6         0
     0.306                   4         4         6         1
    -0.067                   4         4         6         2
     0.218                   4         4         6         3
     0.035                   4         4         6         4
     0.127                   4         4         6         5
     0.473                   4         4         6         6


     0.002                   4         5         0         0
     0.000                   4         5         0         1
     0.000                   4         5         0         2
     0.000                   4         5         0         3
     0.009                   4         5         0         4
     0.000                   4         5         0         5
     0.000                   4         5         0         6

     0.000                   4         5         1         0
     0.002                   4         5         1         1
     0.000                   4         5         1         2
     0.000                   4         5         1         3
     0.054                   4         5         1         4
     0.001                   4         5         1         5
     0.003                   4         5         1         6

     0.000                   4         5         2         0
     0.000                   4         5         2         1
     0.002                   4         5         2         2
     0.000                   4         5         2         3
     0.011                   4         5         2         4
     0.001                   4         5         2         5
    -0.000                   4         5         2         6

     0.000                   4         5         3         0
     0.000                   4         5         3         1
     0.000                   4         5         3         2
     0.001                   4         5         3         3
     0.000                   4         5         3         4
     0.000                   4         5         3         5
     0.002                   4         5         3         6

     0.009                   4         5         4         0
     0.054                   4         5         4         1
     0.011                   4         5         4         2
     0.000                   4         5         4         3
     0.002                   4         5         4         4
     0.021                   4         5         4         5
     0.017                   4         5         4         6

     0.000                   4         5         5         0
     0.001                   4         5         5         1
     0.001                   4         5         5         2
     0.000                   4         5         5         3
     0.021                   4         5         5         4
     0.002                   4         5         5         5
     0.001                   4         5         5         6

     0.000                   4         5         6         0
     0.003                   4         5         6         1
    -0.000                   4         5         6         2
     0.002                   4         5         6         3
     0.017                   4         5         6         4
     0.001                   4         5         6         5
     0.007                   4         5         6         6


     0.038                   4         6         0         0
     0.009                   4         6         0         1
    -0.000                   4         6         0         2
     0.001                   4         6         0         3
     0.009                   4         6         0         4
     0.002                   4         6         0         5
     0.002                   4         6         0         6

     0.009                   4         6         1         0
     0.034                   4         6         1         1
    -0.002                   4         6         1         2
     0.005                   4         6         1         3
     0.055                   4         6         1         4
     0.013                   4         6         1         5
     0.019                   4         6         1         6

    -0.000                   4         6         2         0
    -0.002                   4         6         2         1
     0.032                   4         6         2         2
    -0.000                   4         6         2         3
    -0.003                   4         6         2         4
     0.010                   4         6         2         5
    -0.005                   4         6         2         6

     0.001                   4         6         3         0
     0.005                   4         6         3         1
    -0.000                   4         6         3         2
     0.034                   4         6         3         3
     0.010                   4         6         3         4
     0.002                   4         6         3         5
     0.017                   4         6         3         6

     0.009                   4         6         4         0
     0.055                   4         6         4         1
    -0.003                   4         6         4         2
     0.010                   4         6         4         3
     0.035                   4         6         4         4
     0.017                   4         6         4         5
     0.023                   4         6         4         6

     0.002                   4         6         5         0
     0.013                   4         6         5         1
     0.010                   4         6         5         2
     0.002                   4         6         5         3
     0.017                   4         6         5         4
     0.022                   4         6         5         5
     0.008                   4         6         5         6

     0.002                   4         6         6         0
     0.019                   4         6         6         1
    -0.005                   4         6         6         2
     0.017                   4         6         6         3
     0.023                   4         6         6         4
     0.008                   4         6         6         5
     0.043                   4         6         6         6



     0.159                   5         0         0         0
     0.029                   5         0         0         1
     0.001                   5         0         0         2
     0.000                   5         0         0         3
     0.000                   5         0         0         4
     0.006                   5         0         0         5
     0.006                   5         0         0         6

     0.029                   5         0         1         0
     0.054                   5         0         1         1
     0.003                   5         0         1         2
     0.000                   5         0         1         3
     0.000                   5         0         1         4
     0.019                   5         0         1         5
     0.019                   5         0         1         6

     0.001                   5         0         2         0
     0.003                   5         0         2         1
     0.054                   5         0         2         2
     0.000                   5         0         2         3
     0.000                   5         0         2         4
     0.014                   5         0         2         5
    -0.003                   5         0         2         6

     0.000                   5         0         3         0
     0.000                   5         0         3         1
     0.000                   5         0         3         2
     0.054                   5         0         3         3
     0.000                   5         0         3         4
     0.001                   5         0         3         5
     0.013                   5         0         3         6

     0.000                   5         0         4         0
     0.000                   5         0         4         1
     0.000                   5         0         4         2
     0.000                   5         0         4         3
     0.054                   5         0         4         4
     0.000                   5         0         4         5
     0.002                   5         0         4         6

     0.006                   5         0         5         0
     0.019                   5         0         5         1
     0.014                   5         0         5         2
     0.001                   5         0         5         3
     0.000                   5         0         5         4
     0.027                   5         0         5         5
     0.007                   5         0         5         6

     0.006                   5         0         6         0
     0.019                   5         0         6         1
    -0.003                   5         0         6         2
     0.013                   5         0         6         3
     0.002                   5         0         6         4
     0.007                   5         0         6         5
     0.025                   5         0         6         6


     0.381                   5         1         0         0
     0.088                   5         1         0         1
     0.007                   5         1         0         2
     0.000                   5         1         0         3
     0.000                   5         1         0         4
     0.019                   5         1         0         5
     0.019                   5         1         0         6

     0.088                   5         1         1         0
     0.311                   5         1         1         1
     0.050                   5         1         1         2
     0.002                   5         1         1         3
     0.000                   5         1         1         4
     0.146                   5         1         1         5
     0.119                   5         1         1         6

     0.007                   5         1         2         0
     0.050                   5         1         2         1
     0.322                   5         1         2         2
     0.001                   5         1         2         3
     0.000                   5         1         2         4
     0.137                   5         1         2         5
    -0.011                   5         1         2         6

     0.000                   5         1         3         0
     0.002                   5         1         3         1
     0.001                   5         1         3         2
     0.306                   5         1         3         3
     0.000                   5         1         3         4
     0.006                   5         1         3         5
     0.088                   5         1         3         6

     0.000                   5         1         4         0
     0.000                   5         1         4         1
     0.000                   5         1         4         2
     0.000                   5         1         4         3
     0.306                   5         1         4         4
     0.001                   5         1         4         5
     0.013                   5         1         4         6

     0.019                   5         1         5         0
     0.146                   5         1         5         1
     0.137                   5         1         5         2
     0.006                   5         1         5         3
     0.001                   5         1         5         4
     0.289                   5         1         5         5
     0.060                   5         1         5         6

     0.019                   5         1         6         0
     0.119                   5         1         6         1
    -0.011                   5         1         6         2
     0.088                   5         1         6         3
     0.013                   5         1         6         4
     0.060                   5         1         6         5
     0.193                   5         1         6         6


     0.272                   5         2         0         0
     0.064                   5         2         0         1
     0.014                   5         2         0         2
     0.000                   5         2         0         3
     0.000                   5         2         0         4
     0.014                   5         2         0         5
     0.013                   5         2         0         6

     0.064                   5         2         1         0
     0.241                   5         2         1         1
     0.091                   5         2         1         2
     0.002                   5         2         1         3
     0.000                   5         2         1         4
     0.137                   5         2         1         5
     0.088                   5         2         1         6

     0.014                   5         2         2         0
     0.091                   5         2         2         1
     0.262                   5         2         2         2
     0.001                   5         2         2         3
     0.000                   5         2         2         4
     0.148                   5         2         2         5
     0.008                   5         2         2         6

     0.000                   5         2         3         0
     0.002                   5         2         3         1
     0.001                   5         2         3         2
     0.230                   5         2         3         3
     0.000                   5         2         3         4
     0.005                   5         2         3         5
     0.065                   5         2         3         6

     0.000                   5         2         4         0
     0.000                   5         2         4         1
     0.000                   5         2         4         2
     0.000                   5         2         4         3
     0.230                   5         2         4         4
     0.001                   5         2         4         5
     0.010                   5         2         4         6

     0.014                   5         2         5         0
     0.137                   5         2         5         1
     0.148                   5         2         5         2
     0.005                   5         2         5         3
     0.001                   5         2         5         4
     0.309                   5         2         5         5
     0.054                   5         2         5         6

     0.013                   5         2         6         0
     0.088                   5         2         6         1
     0.008                   5         2         6         2
     0.065                   5         2         6         3
     0.010                   5         2         6         4
     0.054                   5         2         6         5
     0.140                   5         2         6         6


     0.012                   5         3         0         0
     0.003                   5         3         0         1
     0.000                   5         3         0         2
     0.009                   5         3         0         3
     0.000                   5         3         0         4
     0.001                   5         3         0         5
     0.001                   5         3         0         6

     0.003                   5         3         1         0
     0.010                   5         3         1         1
     0.002                   5         3         1         2
     0.054                   5         3         1         3
     0.000                   5         3         1         4
     0.006                   5         3         1         5
     0.019                   5         3         1         6

     0.000                   5         3         2         0
     0.002                   5         3         2         1
     0.010                   5         3         2         2
     0.011                   5         3         2         3
     0.000                   5         3         2         4
     0.005                   5         3         2         5
    -0.001                   5         3         2         6

     0.009                   5         3         3         0
     0.054                   5         3         3         1
     0.011                   5         3         3         2
     0.011                   5         3         3         3
     0.000                   5         3         3         4
     0.021                   5         3         3         5
     0.030                   5         3         3         6

     0.000                   5         3         4         0
     0.000                   5         3         4         1
     0.000                   5         3         4         2
     0.000                   5         3         4         3
     0.010                   5         3         4         4
     0.000                   5         3         4         5
     0.002                   5         3         4         6

     0.001                   5         3         5         0
     0.006                   5         3         5         1
     0.005                   5         3         5         2
     0.021                   5         3         5         3
     0.000                   5         3         5         4
     0.013                   5         3         5         5
     0.009                   5         3         5         6

     0.001                   5         3         6         0
     0.019                   5         3         6         1
    -0.001                   5         3         6         2
     0.030                   5         3         6         3
     0.002                   5         3         6         4
     0.009                   5         3         6         5
     0.046                   5         3         6         6


     0.002                   5         4         0         0
     0.000                   5         4         0         1
     0.000                   5         4         0         2
     0.000                   5         4         0         3
     0.009                   5         4         0         4
     0.000                   5         4         0         5
     0.000                   5         4         0         6

     0.000                   5         4         1         0
     0.002                   5         4         1         1
     0.000                   5         4         1         2
     0.000                   5         4         1         3
     0.054                   5         4         1         4
     0.001                   5         4         1         5
     0.003                   5         4         1         6

     0.000                   5         4         2         0
     0.000                   5         4         2         1
     0.002                   5         4         2         2
     0.000                   5         4         2         3
     0.011                   5         4         2         4
     0.001                   5         4         2         5
    -0.000                   5         4         2         6

     0.000                   5         4         3         0
     0.000                   5         4         3         1
     0.000                   5         4         3         2
     0.001                   5         4         3         3
     0.000                   5         4         3         4
     0.000                   5         4         3         5
     0.002                   5         4         3         6

     0.009                   5         4         4         0
     0.054                   5         4         4         1
     0.011                   5         4         4         2
     0.000                   5         4         4         3
     0.002                   5         4         4         4
     0.021                   5         4         4         5
     0.017                   5         4         4         6

     0.000                   5         4         5         0
     0.001                   5         4         5         1
     0.001                   5         4         5         2
     0.000                   5         4         5         3
     0.021                   5         4         5         4
     0.002                   5         4         5         5
     0.001                   5         4         5         6

     0.000                   5         4         6         0
     0.003                   5         4         6         1
    -0.000                   5         4         6         2
     0.002                   5         4         6         3
     0.017                   5         4         6         4
     0.001                   5         4         6         5
     0.007                   5         4         6         6


     0.517                   5         5         0         0
     0.122                   5         5         0         1
     0.012                   5         5         0         2
     0.001                   5         5         0         3
     0.000                   5         5         0         4
     0.027                   5         5         0         5
     0.025                   5         5         0         6

     0.122                   5         5         1         0
     0.492                   5         5         1         1
     0.125                   5         5         1         2
     0.005                   5         5         1         3
     0.001                   5         5         1         4
     0.289                   5         5         1         5
     0.193                   5         5         1         6

     0.012                   5         5         2         0
     0.125                   5         5         2         1
     0.531                   5         5         2         2
     0.003                   5         5         2         3
     0.000                   5         5         2         4
     0.309                   5         5         2         5
    -0.003                   5         5         2         6

     0.001                   5         5         3         0
     0.005                   5         5         3         1
     0.003                   5         5         3         2
     0.472                   5         5         3         3
     0.000                   5         5         3         4
     0.013                   5         5         3         5
     0.145                   5         5         3         6

     0.000                   5         5         4         0
     0.001                   5         5         4         1
     0.000                   5         5         4         2
     0.000                   5         5         4         3
     0.472                   5         5         4         4
     0.002                   5         5         4         5
     0.022                   5         5         4         6

     0.027                   5         5         5         0
     0.289                   5         5         5         1
     0.309                   5         5         5         2
     0.013                   5         5         5         3
     0.002                   5         5         5         4
     0.775                   5         5         5         5
     0.123                   5         5         5         6

     0.025                   5         5         6         0
     0.193                   5         5         6         1
    -0.003                   5         5         6         2
     0.145                   5         5         6         3
     0.022                   5         5         6         4
     0.123                   5         5         6         5
     0.333                   5         5         6         6


     0.146                   5         6         0         0
     0.034                   5         6         0         1
     0.001                   5         6         0         2
     0.002                   5         6         0         3
     0.000                   5         6         0         4
     0.007                   5         6         0         5
     0.007                   5         6         0         6

     0.034                   5         6         1         0
     0.130                   5         6         1         1
     0.013                   5         6         1         2
     0.018                   5         6         1         3
     0.003                   5         6         1         4
     0.060                   5         6         1         5
     0.060                   5         6         1         6

     0.001                   5         6         2         0
     0.013                   5         6         2         1
     0.131                   5         6         2         2
     0.002                   5         6         2         3
     0.000                   5         6         2         4
     0.054                   5         6         2         5
    -0.009                   5         6         2         6

     0.002                   5         6         3         0
     0.018                   5         6         3         1
     0.002                   5         6         3         2
     0.132                   5         6         3         3
     0.001                   5         6         3         4
     0.009                   5         6         3         5
     0.054                   5         6         3         6

     0.000                   5         6         4         0
     0.003                   5         6         4         1
     0.000                   5         6         4         2
     0.001                   5         6         4         3
     0.127                   5         6         4         4
     0.001                   5         6         4         5
     0.008                   5         6         4         6

     0.007                   5         6         5         0
     0.060                   5         6         5         1
     0.054                   5         6         5         2
     0.009                   5         6         5         3
     0.001                   5         6         5         4
     0.123                   5         6         5         5
     0.030                   5         6         5         6

     0.007                   5         6         6         0
     0.060                   5         6         6         1
    -0.009                   5         6         6         2
     0.054                   5         6         6         3
     0.008                   5         6         6         4
     0.030                   5         6         6         5
     0.123                   5         6         6         6



     0.159                   6         0         0         0
     0.029                   6         0         0         1
    -0.000                   6         0         0         2
     0.001                   6         0         0         3
     0.000                   6         0         0         4
     0.006                   6         0         0         5
     0.006                   6         0         0         6

     0.029                   6         0         1         0
     0.054                   6         0         1         1
    -0.001                   6         0         1         2
     0.002                   6         0         1         3
     0.000                   6         0         1         4
     0.019                   6         0         1         5
     0.019                   6         0         1         6

    -0.000                   6         0         2         0
    -0.001                   6         0         2         1
     0.054                   6         0         2         2
    -0.000                   6         0         2         3
    -0.000                   6         0         2         4
     0.013                   6         0         2         5
    -0.004                   6         0         2         6

     0.001                   6         0         3         0
     0.002                   6         0         3         1
    -0.000                   6         0         3         2
     0.054                   6         0         3         3
     0.000                   6         0         3         4
     0.001                   6         0         3         5
     0.014                   6         0         3         6

     0.000                   6         0         4         0
     0.000                   6         0         4         1
    -0.000                   6         0         4         2
     0.000                   6         0         4         3
     0.054                   6         0         4         4
     0.000                   6         0         4         5
     0.002                   6         0         4         6

     0.006                   6         0         5         0
     0.019                   6         0         5         1
     0.013                   6         0         5         2
     0.001                   6         0         5         3
     0.000                   6         0         5         4
     0.025                   6         0         5         5
     0.007                   6         0         5         6

     0.006                   6         0         6         0
     0.019                   6         0         6         1
    -0.004                   6         0         6         2
     0.014                   6         0         6         3
     0.002                   6         0         6         4
     0.007                   6         0         6         5
     0.027                   6         0         6         6


     0.381                   6         1         0         0
     0.088                   6         1         0         1
    -0.002                   6         1         0         2
     0.006                   6         1         0         3
     0.001                   6         1         0         4
     0.019                   6         1         0         5
     0.019                   6         1         0         6

     0.088                   6         1         1         0
     0.311                   6         1         1         1
    -0.015                   6         1         1         2
     0.048                   6         1         1         3
     0.007                   6         1         1         4
     0.119                   6         1         1         5
     0.146                   6         1         1         6

    -0.002                   6         1         2         0
    -0.015                   6         1         2         1
     0.307                   6         1         2         2
    -0.004                   6         1         2         3
    -0.001                   6         1         2         4
     0.088                   6         1         2         5
    -0.040                   6         1         2         6

     0.006                   6         1         3         0
     0.048                   6         1         3         1
    -0.004                   6         1         3         2
     0.320                   6         1         3         3
     0.002                   6         1         3         4
     0.019                   6         1         3         5
     0.130                   6         1         3         6

     0.001                   6         1         4         0
     0.007                   6         1         4         1
    -0.001                   6         1         4         2
     0.002                   6         1         4         3
     0.306                   6         1         4         4
     0.003                   6         1         4         5
     0.019                   6         1         4         6

     0.019                   6         1         5         0
     0.119                   6         1         5         1
     0.088                   6         1         5         2
     0.019                   6         1         5         3
     0.003                   6         1         5         4
     0.193                   6         1         5         5
     0.060                   6         1         5         6

     0.019                   6         1         6         0
     0.146                   6         1         6         1
    -0.040                   6         1         6         2
     0.130                   6         1         6         3
     0.019                   6         1         6         4
     0.060                   6         1         6         5
     0.289                   6         1         6         6


    -0.080                   6         2         0         0
    -0.019                   6         2         0         1
     0.010                   6         2         0         2
    -0.001                   6         2         0         3
    -0.000                   6         2         0         4
    -0.003                   6         2         0         5
    -0.004                   6         2         0         6

    -0.019                   6         2         1         0
    -0.070                   6         2         1         1
     0.057                   6         2         1         2
    -0.010                   6         2         1         3
    -0.002                   6         2         1         4
    -0.011                   6         2         1         5
    -0.040                   6         2         1         6

     0.010                   6         2         2         0
     0.057                   6         2         2         1
    -0.074                   6         2         2         2
     0.011                   6         2         2         3
     0.002                   6         2         2         4
     0.008                   6         2         2         5
     0.032                   6         2         2         6

    -0.001                   6         2         3         0
    -0.010                   6         2         3         1
     0.011                   6         2         3         2
    -0.070                   6         2         3         3
    -0.000                   6         2         3         4
    -0.001                   6         2         3         5
    -0.035                   6         2         3         6

    -0.000                   6         2         4         0
    -0.002                   6         2         4         1
     0.002                   6         2         4         2
    -0.000                   6         2         4         3
    -0.067                   6         2         4         4
    -0.000                   6         2         4         5
    -0.005                   6         2         4         6

    -0.003                   6         2         5         0
    -0.011                   6         2         5         1
     0.008                   6         2         5         2
    -0.001                   6         2         5         3
    -0.000                   6         2         5         4
    -0.003                   6         2         5         5
    -0.009                   6         2         5         6

    -0.004                   6         2         6         0
    -0.040                   6         2         6         1
     0.032                   6         2         6         2
    -0.035                   6         2         6         3
    -0.005                   6         2         6         4
    -0.009                   6         2         6         5
    -0.091                   6         2         6         6


     0.258                   6         3         0         0
     0.061                   6         3         0         1
    -0.001                   6         3         0         2
     0.013                   6         3         0         3
     0.001                   6         3         0         4
     0.013                   6         3         0         5
     0.014                   6         3         0         6

     0.061                   6         3         1         0
     0.228                   6         3         1         1
    -0.010                   6         3         1         2
     0.087                   6         3         1         3
     0.005                   6         3         1         4
     0.088                   6         3         1         5
     0.130                   6         3         1         6

    -0.001                   6         3         2         0
    -0.010                   6         3         2         1
     0.218                   6         3         2         2
    -0.006                   6         3         2         3
    -0.000                   6         3         2         4
     0.065                   6         3         2         5
    -0.035                   6         3         2         6

     0.013                   6         3         3         0
     0.087                   6         3         3         1
    -0.006                   6         3         3         2
     0.247                   6         3         3         3
     0.003                   6         3         3         4
     0.030                   6         3         3         5
     0.135                   6         3         3         6

     0.001                   6         3         4         0
     0.005                   6         3         4         1
    -0.000                   6         3         4         2
     0.003                   6         3         4         3
     0.218                   6         3         4         4
     0.002                   6         3         4         5
     0.017                   6         3         4         6

     0.013                   6         3         5         0
     0.088                   6         3         5         1
     0.065                   6         3         5         2
     0.030                   6         3         5         3
     0.002                   6         3         5         4
     0.145                   6         3         5         5
     0.054                   6         3         5         6

     0.014                   6         3         6         0
     0.130                   6         3         6         1
    -0.035                   6         3         6         2
     0.135                   6         3         6         3
     0.017                   6         3         6         4
     0.054                   6         3         6         5
     0.293                   6         3         6         6


     0.038                   6         4         0         0
     0.009                   6         4         0         1
    -0.000                   6         4         0         2
     0.001                   6         4         0         3
     0.009                   6         4         0         4
     0.002                   6         4         0         5
     0.002                   6         4         0         6

     0.009                   6         4         1         0
     0.034                   6         4         1         1
    -0.002                   6         4         1         2
     0.005                   6         4         1         3
     0.055                   6         4         1         4
     0.013                   6         4         1         5
     0.019                   6         4         1         6

    -0.000                   6         4         2         0
    -0.002                   6         4         2         1
     0.032                   6         4         2         2
    -0.000                   6         4         2         3
    -0.003                   6         4         2         4
     0.010                   6         4         2         5
    -0.005                   6         4         2         6

     0.001                   6         4         3         0
     0.005                   6         4         3         1
    -0.000                   6         4         3         2
     0.034                   6         4         3         3
     0.010                   6         4         3         4
     0.002                   6         4         3         5
     0.017                   6         4         3         6

     0.009                   6         4         4         0
     0.055                   6         4         4         1
    -0.003                   6         4         4         2
     0.010                   6         4         4         3
     0.035                   6         4         4         4
     0.017                   6         4         4         5
     0.023                   6         4         4         6

     0.002                   6         4         5         0
     0.013                   6         4         5         1
     0.010                   6         4         5         2
     0.002                   6         4         5         3
     0.017                   6         4         5         4
     0.022                   6         4         5         5
     0.008                   6         4         5         6

     0.002                   6         4         6         0
     0.019                   6         4         6         1
    -0.005                   6         4         6         2
     0.017                   6         4         6         3
     0.023                   6         4         6         4
     0.008                   6         4         6         5
     0.043                   6         4         6         6


     0.146                   6         5         0         0
     0.034                   6         5         0         1
     0.001                   6         5         0         2
     0.002                   6         5         0         3
     0.000                   6         5         0         4
     0.007                   6         5         0         5
     0.007                   6         5         0         6

     0.034                   6         5         1         0
     0.130                   6         5         1         1
     0.013                   6         5         1         2
     0.018                   6         5         1         3
     0.003                   6         5         1         4
     0.060                   6         5         1         5
     0.060                   6         5         1         6

     0.001                   6         5         2         0
     0.013                   6         5         2         1
     0.131                   6         5         2         2
     0.002                   6         5         2         3
     0.000                   6         5         2         4
     0.054                   6         5         2         5
    -0.009                   6         5         2         6

     0.002                   6         5         3         0
     0.018                   6         5         3         1
     0.002                   6         5         3         2
     0.132                   6         5         3         3
     0.001                   6         5         3         4
     0.009                   6         5         3         5
     0.054                   6         5         3         6

     0.000                   6         5         4         0
     0.003                   6         5         4         1
     0.000                   6         5         4         2
     0.001                   6         5         4         3
     0.127                   6         5         4         4
     0.001                   6         5         4         5
     0.008                   6         5         4         6

     0.007                   6         5         5         0
     0.060                   6         5         5         1
     0.054                   6         5         5         2
     0.009                   6         5         5         3
     0.001                   6         5         5         4
     0.123                   6         5         5         5
     0.030                   6         5         5         6

     0.007                   6         5         6         0
     0.060                   6         5         6         1
    -0.009                   6         5         6         2
     0.054                   6         5         6         3
     0.008                   6         5         6         4
     0.030                   6         5         6         5
     0.123                   6         5         6         6


     0.517                   6         6         0         0
     0.122                   6         6         0         1
    -0.003                   6         6         0         2
     0.011                   6         6         0         3
     0.002                   6         6         0         4
     0.025                   6         6         0         5
     0.027                   6         6         0         6

     0.122                   6         6         1         0
     0.492                   6         6         1         1
    -0.037                   6         6         1         2
     0.118                   6         6         1         3
     0.017                   6         6         1         4
     0.193                   6         6         1         5
     0.289                   6         6         1         6

    -0.003                   6         6         2         0
    -0.037                   6         6         2         1
     0.477                   6         6         2         2
    -0.016                   6         6         2         3
    -0.002                   6         6         2         4
     0.140                   6         6         2         5
    -0.091                   6         6         2         6

     0.011                   6         6         3         0
     0.118                   6         6         3         1
    -0.016                   6         6         3         2
     0.525                   6         6         3         3
     0.008                   6         6         3         4
     0.046                   6         6         3         5
     0.293                   6         6         3         6

     0.002                   6         6         4         0
     0.017                   6         6         4         1
    -0.002                   6         6         4         2
     0.008                   6         6         4         3
     0.473                   6         6         4         4
     0.007                   6         6         4         5
     0.043                   6         6         4         6

     0.025                   6         6         5         0
     0.193                   6         6         5         1
     0.140                   6         6         5         2
     0.046                   6         6         5         3
     0.007                   6         6         5         4
     0.333                   6         6         5         5
     0.123                   6         6         5         6

     0.027                   6         6         6         0
     0.289                   6         6         6         1
    -0.091                   6         6         6         2
     0.293                   6         6         6         3
     0.043                   6         6         6         4
     0.123                   6         6         6         5
     0.775                   6         6         6         6



